DROP DATABASE IF EXISTS MoviesDB;
CREATE DATABASE MoviesDB;
USE MoviesDB;

CREATE TABLE Users (
UserID VARCHAR(20) PRIMARY KEY,
    UserType VARCHAR(20),
    FavoriteGenre VARCHAR(50),
    ReviewCount INT,
    Password VARCHAR(20)
);


CREATE TABLE Movies (
 MovieID VARCHAR(20) PRIMARY KEY,
    Title VARCHAR(255),
    PosterURL VARCHAR(255),
    StreamingServices VARCHAR(255),
    Genre VARCHAR(100),
    Rating DECIMAL(3,1)
);


CREATE TABLE Reviews (
ReviewID VARCHAR(20) PRIMARY KEY,
    MovieID VARCHAR(20),
    UserID VARCHAR(20),
    Score INT,
    Text TEXT,
    FOREIGN KEY (MovieID) REFERENCES Movies(MovieID),
    FOREIGN KEY (UserID) REFERENCES Users(UserID)
);


INSERT INTO Users (UserID, UserType, FavoriteGenre, ReviewCount, Password) VALUES
('user_001', 'Regular', 'Action', 0, 'default_pass'),
('user_002', 'Regular', 'Adventure', 0, 'default_pass'),
('user_003', 'Regular', 'Comedy', 0, 'default_pass'),
('user_004', 'Regular', 'Drama', 0, 'default_pass'),
('user_005', 'Regular', 'Fantasy', 0, 'default_pass'),
('user_006', 'Regular', 'Horror', 0, 'default_pass'),
('user_007', 'Regular', 'Mystery', 0, 'default_pass'),
('user_008', 'Regular', 'Romance', 0, 'default_pass'),
('user_009', 'Regular', 'Sci-Fi', 0, 'default_pass'),
('user_010', 'Regular', 'Thriller', 0, 'default_pass'),
('user_011', 'Regular', 'Western', 0, 'default_pass'),
('user_012', 'Regular', 'Animation', 0, 'default_pass'),
('user_013', 'Admin', 'Crime', 112, 'uJ5#wP2$zM'),
('user_014', 'Regular', 'Adventure', 47, 'iK7!cX3$vB'),
('user_015', 'Regular', 'Comedy', 29, 'oL1@nM8&gF'),
('user_016', 'Critic', 'Drama', 234, 'pZ4#qR6$tG'),
('user_017', 'Regular', 'History', 14, 'aS8!hJ2$dF'),
('user_018', 'Regular', 'Horror', 38, 'eD3@fK7&wL'),
('user_019', 'Critic', 'Music', 167, 'rX5#cV1$yH'),
('user_020', 'Admin', 'War', 95, 'tC2!nB6$jM'),
('user_021', 'Regular', 'Western', 22, 'gV7@mL4&kN'),
('user_022', 'Regular', 'Sci-Fi', 51, 'hB3#xZ8$pQ'),
('user_023', 'Critic', 'Family', 188, 'jN6!dF2$wT'),
('user_024', 'Regular', 'Thriller', 33, 'kM4@hG7&cL'),
('user_025', 'Regular', 'Romance', 41, 'lP9#sD1$fR'),
('user_026', 'Regular', 'Action', 0, 'default_pass'),
('user_027', 'Regular', 'Adventure', 0, 'default_pass'),
('user_028', 'Regular', 'Comedy', 0, 'default_pass'),
('user_029', 'Regular', 'Drama', 0, 'default_pass'),
('user_030', 'Regular', 'Fantasy', 0, 'default_pass'),
('user_031', 'Regular', 'Horror', 0, 'default_pass'),
('user_032', 'Regular', 'Mystery', 0, 'default_pass'),
('user_033', 'Regular', 'Romance', 0, 'default_pass'),
('user_034', 'Regular', 'Sci-Fi', 0, 'default_pass'),
('user_035', 'Regular', 'Thriller', 0, 'default_pass'),
('user_036', 'Regular', 'Western', 0, 'default_pass'),
('user_037', 'Regular', 'Animation', 0, 'default_pass'),
('user_038', 'Regular', 'Action', 0, 'default_pass'),
('user_039', 'Regular', 'Adventure', 0, 'default_pass'),
('user_040', 'Regular', 'Comedy', 0, 'default_pass'),
('user_041', 'Regular', 'Drama', 0, 'default_pass'),
('user_042', 'Regular', 'Fantasy', 0, 'default_pass'),
('user_043', 'Regular', 'Horror', 0, 'default_pass'),
('user_044', 'Regular', 'Mystery', 0, 'default_pass'),
('user_045', 'Regular', 'Romance', 0, 'default_pass'),
('user_046', 'Regular', 'Sci-Fi', 0, 'default_pass'),
('user_047', 'Regular', 'Thriller', 0, 'default_pass'),
('user_048', 'Regular', 'Western', 0, 'default_pass'),
('user_049', 'Regular', 'Animation', 0, 'default_pass');


INSERT INTO Movies (MovieID, Title, PosterURL, StreamingServices, Genre, Rating) VALUES
('tt0111161', 'The Shawshank Redemption', 'Poster URL', 'Max, Amazon Prime Video', 'Drama', 9.3),
('tt0068646', 'The Godfather', 'Poster URL', 'Paramount+, Amazon Prime Video', 'Crime, Drama', 9.2),
('tt0081505', 'The Shining', 'Poster URL', 'Max, Amazon Prime Video', 'Drama, Horror', 8.4),
('tt0071562', 'The Godfather Part II', 'Poster URL', 'Paramount+, Amazon Prime Video', 'Crime, Drama', 9.0),
('tt0097576', 'Indiana Jones and the Last Crusade', 'Poster URL', 'Paramount+, Amazon Prime Video', 'Action, Adventure', 8.2),
('tt0057012', 'Dr. Strangelove', 'Poster URL', 'Amazon Prime Video', 'Comedy, War', 8.4),
('tt0468569', 'The Dark Knight', 'Poster URL', 'Max, Amazon Prime Video', 'Action, Crime, Drama', 9.0),
('tt0108052', 'Schindler''s List', 'Poster URL', 'Peacock, Amazon Prime Video', 'Biography, Drama, History', 9.0),
('tt0110912', 'Pulp Fiction', 'Poster URL', 'Amazon Prime Video, Paramount+', 'Crime, Drama', 8.9),
('tt0120737', 'The Lord of the Rings: The Fellowship of the Ring', 'Poster URL', 'Max, Amazon Prime Video', 'Adventure, Drama, Fantasy', 8.8),
('tt0167260', 'The Lord of the Rings: The Return of the King', 'Poster URL', 'Max, Amazon Prime Video', 'Adventure, Drama, Fantasy', 8.9),
('tt0137523', 'Fight Club', 'Poster URL', 'Amazon Prime Video', 'Drama', 8.8),
('tt0109830', 'Forrest Gump', 'Poster URL', 'Paramount+, Amazon Prime Video', 'Drama, Romance', 8.8),
('tt1375666', 'Inception', 'Poster URL', 'Amazon Prime Video', 'Action, Adventure, Sci-Fi', 8.8),
('tt0133093', 'The Matrix', 'Poster URL', 'Max, Amazon Prime Video', 'Action, Sci-Fi', 8.7),
('tt0099685', 'Goodfellas', 'Poster URL', 'Max, Netflix', 'Biography, Crime, Drama', 8.7),
('tt0073486', 'One Flew Over the Cuckoo''s Nest', 'Poster URL', 'Amazon Prime Video', 'Drama', 8.7),
('tt0110357', 'The Lion King', 'Poster URL', 'Disney+', 'Animation, Adventure, Drama', 8.5),
('tt0120815', 'Saving Private Ryan', 'Poster URL', 'Paramount+, Amazon Prime Video', 'Drama, War', 8.6),
('tt0088763', 'Back to the Future', 'Poster URL', 'Amazon Prime Video, Peacock', 'Adventure, Comedy, Sci-Fi', 8.5),
('tt0103064', 'Terminator 2: Judgment Day', 'Poster URL', 'Amazon Prime Video', 'Action, Sci-Fi', 8.6),
('tt0027977', 'Modern Times', 'Poster URL', 'The Criterion Channel', 'Comedy, Drama, Romance', 8.5),
('tt0095765', 'Cinema Paradiso', 'Poster URL', 'Amazon Prime Video', 'Drama, Romance', 8.5),
('tt0080684', 'Star Wars: Episode V - The Empire Strikes Back', 'Poster URL', 'Disney+', 'Action, Adventure, Fantasy', 8.7),
('tt0038650', 'It''s a Wonderful Life', 'Poster URL', 'Amazon Prime Video', 'Drama, Family, Fantasy', 8.6),
('tt0047396', 'Rear Window', 'Poster URL', 'Amazon Prime Video, Peacock', 'Mystery, Thriller', 8.5),
('tt0095327', 'Grave of the Fireflies', 'Poster URL', 'Netflix, Hulu', 'Animation, Drama, War', 8.5),
('tt0209144', 'Memento', 'Poster URL', 'Amazon Prime Video', 'Mystery, Thriller', 8.4),
('tt0102926', 'The Silence of the Lambs', 'Poster URL', 'Amazon Prime Video, Hulu', 'Crime, Drama, Thriller', 8.6),
('tt0090605', 'Aliens', 'Poster URL', 'Amazon Prime Video', 'Action, Adventure, Sci-Fi', 8.4),
('tt0054215', 'Psycho', 'Poster URL', 'Peacock, Amazon Prime Video', 'Horror, Mystery, Thriller', 8.5),
('tt0364569', 'Oldboy', 'Poster URL', 'Amazon Prime Video, Netflix', 'Action, Drama, Mystery', 8.4),
('tt0105236', 'Reservoir Dogs', 'Poster URL', 'Amazon Prime Video', 'Crime, Thriller', 8.3),
('tt0086250', 'Scarface', 'Poster URL', 'Amazon Prime Video', 'Crime, Drama', 8.3),
('tt0051201', 'Witness for the Prosecution', 'Poster URL', 'Amazon Prime Video', 'Crime, Drama, Mystery', 8.4),
('tt0012349', 'The Kid', 'Poster URL', 'The Criterion Channel', 'Comedy, Drama, Family', 8.3),
('tt0095016', 'Die Hard', 'Poster URL', 'Amazon Prime Video, Hulu', 'Action, Thriller', 8.2)
('tt0095067', 'Eight Crazy Nights', 'Poster URL', 'Amazon Prime Video, Hulu', 'Comedy', 6.7)
('tt0118799', 'Life Is Beautiful', 'Poster URL', 'Amazon Prime Video, Pluto TV', 'Comedy, Drama, Romance', 8.6),
('tt0407887', 'The Departed', 'Poster URL', 'Max, Netflix', 'Crime, Drama, Thriller', 8.5),
('tt0317248', 'City of God', 'Poster URL', 'Amazon Prime Video, Kanopy', 'Crime, Drama', 8.6),
('tt2582802', 'Whiplash', 'Poster URL', 'Netflix, Amazon Prime Video', 'Drama, Music', 8.5),
('tt2119532', 'Hacksaw Ridge', 'Poster URL', 'Amazon Prime Video, Hulu', 'Biography, Drama, War', 8.1),
('tt0093779', 'The Princess Bride', 'Poster URL', 'Disney+, Amazon Prime Video', 'Adventure, Comedy, Family', 8.0),
('tt2380307', 'Coco', 'Poster URL', 'Disney+', 'Animation, Adventure, Family', 8.4),
('tt0816692', 'Interstellar', 'Poster URL', 'Paramount+, Amazon Prime Video', 'Adventure, Drama, Sci-Fi', 8.7),
('tt1675434', 'The Intouchables', 'Poster URL', 'Netflix, Amazon Prime Video', 'Biography, Comedy, Drama', 8.5),
('tt0105695', 'Unforgiven', 'Poster URL', 'Max, Amazon Prime Video', 'Drama, Western', 8.2),
('tt0120601', 'Being John Malkovich', 'Poster URL', 'Amazon Prime Video, Peacock', 'Comedy, Drama, Fantasy', 7.7),
('tt0095953', 'Rain Man', 'Poster URL', 'Amazon Prime Video, Pluto TV', 'Drama', 8.0),
('tt8267604', 'Parasite', 'Poster URL', 'Max, Hulu, Amazon Prime Video', 'Comedy, Drama, Thriller', 8.5),
('tt0073195', 'Jaws', 'Poster URL', 'Peacock, Amazon Prime Video', 'Adventure, Thriller', 8.1),
('tt0107048', 'Groundhog Day', 'Poster URL', 'Amazon Prime Video, Netflix', 'Comedy, Drama, Fantasy', 8.0),
('tt0107290', 'Jurassic Park', 'Poster URL', 'Peacock, Amazon Prime Video', 'Action, Adventure, Sci-Fi', 8.2),
('tt0101414', 'Beauty and the Beast', 'Poster URL', 'Disney+', 'Animation, Family, Fantasy', 8.0),
('tt0097165', 'Dead Poets Society', 'Poster URL', 'Disney+, Amazon Prime Video', 'Comedy, Drama', 8.1),
('tt0034583', 'Casablanca', 'Poster URL', 'Max, Amazon Prime Video', 'Drama, Romance, War', 8.5),
('tt0060196', 'The Good, the Bad and the Ugly', 'Poster URL', 'Amazon Prime Video, Pluto TV', 'Adventure, Western', 8.8);


INSERT INTO Reviews (ReviewID, MovieID, UserID, Score, Text) VALUES
('rev_001', 'tt0111161', 'user_035', 10, 'A perfect film in every way. The storytelling, acting, and emotional depth are unmatched.'),
('rev_002', 'tt0468569', 'user_012', 9, 'Heath Ledger''s performance is legendary. The tension throughout keeps you on edge.'),
('rev_003', 'tt1375666', 'user_028', 8, 'Mind-bending concept executed brilliantly. Takes multiple viewings to fully appreciate.'),
('rev_004', 'tt0099685', 'user_005', 9, 'Scorsese at his finest. The energy and dialogue are electric from start to finish.'),
('rev_005', 'tt0109830', 'user_041', 7, 'A heartwarming journey through American history. Hanks delivers another great performance.'),
('rev_006', 'tt0068646', 'user_019', 10, 'The greatest American film ever made. Every scene is iconic and perfectly crafted.'),
('rev_007', 'tt0137523', 'user_023', 9, 'The twist still catches me off guard even after multiple watches. So thought-provoking.'),
('rev_008', 'tt0120737', 'user_002', 9, 'A breathtaking start to the trilogy. The world-building is extraordinary.'),
('rev_009', 'tt0081505', 'user_016', 8, 'Kubrick''s direction creates an unsettling atmosphere that stays with you.'),
('rev_010', 'tt0108052', 'user_008', 10, 'Devastating and essential viewing. A powerful reminder of humanity''s darkest chapter.'),
('rev_011', 'tt0110912', 'user_031', 9, 'Tarantino''s dialogue is unmatched. The nonlinear structure keeps it fresh every time.'),
('rev_012', 'tt0167260', 'user_044', 10, 'An epic conclusion to an epic saga. The battle sequences are cinema at its best.'),
('rev_013', 'tt0071562', 'user_011', 9, 'A rare sequel that matches the original. Michael''s descent into darkness is compelling.'),
('rev_014', 'tt0133093', 'user_027', 8, 'Revolutionary for its time. The bullet time scenes changed action films forever.'),
('rev_015', 'tt0102926', 'user_038', 9, 'Hopkins is terrifying as Lecter. A masterclass in building suspense.'),
('rev_016', 'tt0054215', 'user_003', 8, 'Hitchcock''s masterpiece. The shower scene still holds up after all these years.'),
('rev_017', 'tt0097576', 'user_045', 7, 'A fun adventure with great chemistry between Ford and Connery.'),
('rev_018', 'tt0088763', 'user_022', 9, 'Pure joy from beginning to end. The DeLorean is one of cinema''s great icons.'),
('rev_019', 'tt0110357', 'user_048', 8, 'Beautiful animation and unforgettable songs. It still makes me emotional.'),
('rev_020', 'tt0120815', 'user_009', 9, 'The opening D-Day sequence is gut-wrenching. A powerful tribute to the Greatest Generation.'),
('rev_021', 'tt0080684', 'user_014', 9, 'The best Star Wars film. The revelation about Vader is perfectly set up.'),
('rev_022', 'tt0103064', 'user_033', 8, 'Incredible effects for its time. The T-1000 is a terrifying villain.'),
('rev_023', 'tt0364569', 'user_026', 9, 'Brutal and unforgettable. The corridor fight scene is one of the best ever.'),
('rev_024', 'tt0038650', 'user_007', 8, 'A heartwarming classic that reminds us what''s truly important in life.'),
('rev_025', 'tt0057012', 'user_039', 8, 'The darkest comedy ever made. Peter Sellers is brilliant in multiple roles.'),
('rev_026', 'tt0047396', 'user_018', 8, 'Stewart and Grace Kelly are perfect together. The tension builds masterfully.'),
('rev_027', 'tt0095327', 'user_042', 9, 'Prepare to cry. The most heartbreaking animated film ever made.'),
('rev_028', 'tt0086250', 'user_004', 7, 'Pacino goes full Pacino. An iconic performance in an iconic film.'),
('rev_029', 'tt0209144', 'user_036', 9, 'Watching it backwards has never been so satisfying. Nolan''s indie masterpiece.'),
('rev_030', 'tt0090605', 'user_021', 8, 'Cameron knows how to raise the stakes. The queen reveal still gets me.'),
('rev_031', 'tt0051201', 'user_049', 8, 'A courtroom drama with a twist you won''t see coming. Absolutely brilliant.'),
('rev_048', 'tt1375666', 'user_043', 8, 'The spinning top at the end... I still debate whether he''s dreaming.'),
('rev_049', 'tt0099685', 'user_020', 8, 'Funny, violent, and stylish. Pesci steals every scene he''s in.')
;
